{
  "project_info": {
    "project_number": "505648576129",
    "firebase_url": "https://sypp-8ba55.firebaseio.com",
    "project_id": "sypp-8ba55",
    "storage_bucket": "sypp-8ba55.appspot.com"
  },
  "client": [
    {
      "client_info": {
        "mobilesdk_app_id": "1:505648576129:android:266d00b0f512b535e77f80",
        "android_client_info": {
          "package_name": "com.syp"
        }
      },
      "oauth_client": [
        {
          "client_id": "505648576129-sfu81jat4irvbo813phq4lafode3snnd.apps.googleusercontent.com",
          "client_type": 1,
          "android_info": {
            "package_name": "com.syp",
            "certificate_hash": "36bec3ea877176e703a05ee47bda4275192fa099"
          }
        },
        {
          "client_id": "505648576129-n05oki4emh4epk0gsg4sd8rmv71689oj.apps.googleusercontent.com",
          "client_type": 3
        }
      ],
      "api_key": [
        {
          "current_key": "AIzaSyDdojEqzLxEiGAg5WLe3YUFfaFz5Z4wqAs"
        }
      ],
      "services": {
        "appinvite_service": {
          "other_platform_oauth_client": [
            {
              "client_id": "505648576129-n05oki4emh4epk0gsg4sd8rmv71689oj.apps.googleusercontent.com",
              "client_type": 3
            }
          ]
        }
      }
    }
  ],
  "configuration_version": "1"
}